{"cameraMode":{"drawMode":0,"name":"Shaded","section":"Shading Mode"},"sceneLighting":false,"audioPlay":false,"sceneViewState":{"showFog":true,"showMaterialUpdate":false,"showSkybox":false,"showFlares":true,"showImageEffects":true,"showParticleSystems":true},"in2DMode":false,"pivot":{"x":-3.8560445308685304,"y":-0.13272303342819215,"z":17.237253189086915},"rotation":{"x":0.09866483509540558,"y":-0.09843508899211884,"z":0.009844736196100712,"w":0.9902612566947937},"size":32.7943000793457,"orthographic":false}