{"cameraMode":{"drawMode":0,"name":"Shaded","section":"Shading Mode"},"sceneLighting":false,"audioPlay":false,"sceneViewState":{"showFog":true,"showMaterialUpdate":false,"showSkybox":true,"showFlares":true,"showImageEffects":true,"showParticleSystems":true},"in2DMode":false,"pivot":{"x":-16.787796020507814,"y":2.0561959743499758,"z":-21.857044219970704},"rotation":{"x":-0.1285841464996338,"y":-0.07683726400136948,"z":0.009916537441313267,"w":-0.9887831211090088},"size":0.0376284122467041,"orthographic":false}