{"cameraMode":{"drawMode":0,"name":"Shaded","section":"Shading Mode"},"sceneLighting":false,"audioPlay":false,"sceneViewState":{"showFog":true,"showMaterialUpdate":false,"showSkybox":true,"showFlares":true,"showImageEffects":true,"showParticleSystems":true},"in2DMode":false,"pivot":{"x":-15.489832878112793,"y":2.6859958171844484,"z":-23.017051696777345},"rotation":{"x":0.06769639253616333,"y":0.046838365495204929,"z":-0.0030858477111905815,"w":0.9967069029808044},"size":1.7923589944839478,"orthographic":false}