{"cameraMode":{"drawMode":0,"name":"Shaded","section":"Shading Mode"},"sceneLighting":true,"audioPlay":false,"sceneViewState":{"showFog":true,"showMaterialUpdate":false,"showSkybox":true,"showFlares":true,"showImageEffects":true,"showParticleSystems":true},"in2DMode":false,"pivot":{"x":-71.27970886230469,"y":-35.948036193847659,"z":-13.597332954406739},"rotation":{"x":0.24485474824905396,"y":-0.6320834755897522,"z":0.21930758655071259,"w":0.7022511959075928},"size":82.08629608154297,"orthographic":false}