{"cameraMode":{"drawMode":0,"name":"Shaded","section":"Shading Mode"},"sceneLighting":true,"audioPlay":false,"sceneViewState":{"showFog":true,"showMaterialUpdate":false,"showSkybox":true,"showFlares":true,"showImageEffects":true,"showParticleSystems":true},"in2DMode":false,"pivot":{"x":-43.80236053466797,"y":-0.4757523238658905,"z":-7.784791469573975},"rotation":{"x":0.04910741746425629,"y":-0.5742948055267334,"z":0.03497885912656784,"w":0.8167979717254639},"size":22.0,"orthographic":false}