{"cameraMode":{"drawMode":0,"name":"Shaded","section":"Shading Mode"},"sceneLighting":true,"audioPlay":false,"sceneViewState":{"showFog":true,"showMaterialUpdate":false,"showSkybox":true,"showFlares":true,"showImageEffects":true,"showParticleSystems":true},"in2DMode":false,"pivot":{"x":30.011220932006837,"y":1.088578224182129,"z":-3.7034664154052736},"rotation":{"x":0.035366371273994449,"y":-0.5842115879058838,"z":0.026720751076936723,"w":0.8110059499740601},"size":1.7980977296829224,"orthographic":false}