{"cameraMode":{"drawMode":0,"name":"Shaded","section":"Shading Mode"},"sceneLighting":false,"audioPlay":false,"sceneViewState":{"showFog":true,"showMaterialUpdate":false,"showSkybox":false,"showFlares":true,"showImageEffects":true,"showParticleSystems":true},"in2DMode":false,"pivot":{"x":-21.738983154296876,"y":1.4113739728927613,"z":-31.93996238708496},"rotation":{"x":0.002176632173359394,"y":0.9957029819488525,"z":0.09506171941757202,"w":-0.015806954354047777},"size":2.111238718032837,"orthographic":false}