{"cameraMode":{"drawMode":0,"name":"Shaded","section":"Shading Mode"},"sceneLighting":false,"audioPlay":false,"sceneViewState":{"showFog":true,"showMaterialUpdate":false,"showSkybox":false,"showFlares":true,"showImageEffects":true,"showParticleSystems":true},"in2DMode":false,"pivot":{"x":22.3700008392334,"y":2.1500000953674318,"z":-25.760000228881837},"rotation":{"x":0.08358195424079895,"y":-0.02461525797843933,"z":-0.0022291357163339855,"w":-0.9964308738708496},"size":22.0,"orthographic":false}