{"cameraMode":{"drawMode":0,"name":"Shaded","section":"Shading Mode"},"sceneLighting":true,"audioPlay":false,"sceneViewState":{"showFog":true,"showMaterialUpdate":false,"showSkybox":true,"showFlares":true,"showImageEffects":true,"showParticleSystems":true},"in2DMode":false,"pivot":{"x":-15.206231117248536,"y":0.9789444208145142,"z":-21.14441680908203},"rotation":{"x":0.006271957885473967,"y":-0.0727822408080101,"z":0.0007575677009299398,"w":0.9976307153701782},"size":3.0154385566711427,"orthographic":false}