{"cameraMode":{"drawMode":0,"name":"Shaded","section":"Shading Mode"},"sceneLighting":false,"audioPlay":false,"sceneViewState":{"showFog":true,"showMaterialUpdate":false,"showSkybox":false,"showFlares":true,"showImageEffects":true,"showParticleSystems":true},"in2DMode":false,"pivot":{"x":0.012500002980232239,"y":1.2567999362945557,"z":-0.7522500157356262},"rotation":{"x":-0.04781695082783699,"y":-0.4215860664844513,"z":0.02236500196158886,"w":-0.9053011536598206},"size":4.8460493087768559,"orthographic":false}