{"cameraMode":{"drawMode":0,"name":"Shaded","section":"Shading Mode"},"sceneLighting":false,"audioPlay":false,"sceneViewState":{"showFog":true,"showMaterialUpdate":false,"showSkybox":false,"showFlares":true,"showImageEffects":true,"showParticleSystems":true},"in2DMode":false,"pivot":{"x":2.8581597805023195,"y":2.087646722793579,"z":-9.21967887878418},"rotation":{"x":0.14493001997470857,"y":-0.20884297788143159,"z":0.0312872976064682,"w":0.9666891098022461},"size":6.848129749298096,"orthographic":false}