{"cameraMode":{"drawMode":0,"name":"Shaded","section":"Shading Mode"},"sceneLighting":false,"audioPlay":false,"sceneViewState":{"showFog":true,"showMaterialUpdate":false,"showSkybox":false,"showFlares":true,"showImageEffects":true,"showParticleSystems":true},"in2DMode":false,"pivot":{"x":-20.286834716796876,"y":0.0,"z":-28.555267333984376},"rotation":{"x":-0.19548286497592927,"y":-0.7853682041168213,"z":0.30415958166122439,"w":-0.5031589865684509},"size":2029.1356201171875,"orthographic":false}