{"cameraMode":{"drawMode":0,"name":"Shaded","section":"Shading Mode"},"sceneLighting":true,"audioPlay":false,"sceneViewState":{"showFog":true,"showMaterialUpdate":false,"showSkybox":true,"showFlares":true,"showImageEffects":true,"showParticleSystems":true},"in2DMode":false,"pivot":{"x":-22.426965713500978,"y":1.7911778688430787,"z":11.323638916015625},"rotation":{"x":0.014636016450822354,"y":0.08723986893892288,"z":0.0012447830522432924,"w":-0.996117353439331},"size":33.465904235839847,"orthographic":false}