{"cameraMode":{"drawMode":0,"name":"Shaded","section":"Shading Mode"},"sceneLighting":false,"audioPlay":false,"sceneViewState":{"showFog":true,"showMaterialUpdate":false,"showSkybox":false,"showFlares":true,"showImageEffects":true,"showParticleSystems":true},"in2DMode":false,"pivot":{"x":-0.25899773836135867,"y":0.08892735838890076,"z":-0.554375410079956},"rotation":{"x":0.034088876098394397,"y":-0.9011391401290894,"z":-0.07304953783750534,"w":-0.4261821210384369},"size":1.1673378944396973,"orthographic":false}