{"cameraMode":{"drawMode":0,"name":"Shaded","section":"Shading Mode"},"sceneLighting":false,"audioPlay":false,"sceneViewState":{"showFog":true,"showMaterialUpdate":false,"showSkybox":false,"showFlares":true,"showImageEffects":true,"showParticleSystems":true},"in2DMode":false,"pivot":{"x":-19.720380783081056,"y":-0.11502787470817566,"z":-30.48016929626465},"rotation":{"x":-0.06618868559598923,"y":0.22522474825382234,"z":0.01636805199086666,"w":0.9724398851394653},"size":3.5234358310699465,"orthographic":false}