{"cameraMode":{"drawMode":0,"name":"Shaded","section":"Shading Mode"},"sceneLighting":false,"audioPlay":false,"sceneViewState":{"showFog":true,"showMaterialUpdate":false,"showSkybox":false,"showFlares":true,"showImageEffects":true,"showParticleSystems":true},"in2DMode":false,"pivot":{"x":-21.907840728759767,"y":0.6237313747406006,"z":-31.929994583129884},"rotation":{"x":-0.004533190745860338,"y":0.9945088624954224,"z":-0.09209879487752915,"w":-0.056248899549245837},"size":2.111238718032837,"orthographic":false}