{"cameraMode":{"drawMode":0,"name":"Shaded","section":"Shading Mode"},"sceneLighting":false,"audioPlay":false,"sceneViewState":{"showFog":true,"showMaterialUpdate":false,"showSkybox":false,"showFlares":true,"showImageEffects":true,"showParticleSystems":true},"in2DMode":false,"pivot":{"x":-21.641000747680665,"y":0.5060451030731201,"z":-31.91754913330078},"rotation":{"x":-0.018480436876416208,"y":-0.20441274344921113,"z":0.003529282985255122,"w":-0.979058563709259},"size":2.111238718032837,"orthographic":false}