{"cameraMode":{"drawMode":0,"name":"Shaded","section":"Shading Mode"},"sceneLighting":true,"audioPlay":false,"sceneViewState":{"showFog":true,"showMaterialUpdate":false,"showSkybox":true,"showFlares":true,"showImageEffects":true,"showParticleSystems":true},"in2DMode":false,"pivot":{"x":-19.205482482910158,"y":1.6470431089401246,"z":-13.333528518676758},"rotation":{"x":0.017363622784614564,"y":-0.30084455013275149,"z":0.005829790141433477,"w":0.9537364840507507},"size":11.753767013549805,"orthographic":false}