{"cameraMode":{"drawMode":0,"name":"Shaded","section":"Shading Mode"},"sceneLighting":false,"audioPlay":false,"sceneViewState":{"showFog":true,"showMaterialUpdate":false,"showSkybox":false,"showFlares":true,"showImageEffects":true,"showParticleSystems":true},"in2DMode":false,"pivot":{"x":-0.03150402009487152,"y":0.48692214488983157,"z":0.11852240562438965},"rotation":{"x":0.008051395416259766,"y":-0.9919552803039551,"z":0.09282687306404114,"w":0.08586444705724716},"size":1.6191890239715577,"orthographic":false}