{"cameraMode":{"drawMode":0,"name":"Shaded","section":"Shading Mode"},"sceneLighting":true,"audioPlay":false,"sceneViewState":{"showFog":true,"showMaterialUpdate":false,"showSkybox":true,"showFlares":true,"showImageEffects":true,"showParticleSystems":true},"in2DMode":false,"pivot":{"x":-31.415328979492189,"y":0.15304523706436158,"z":-4.012787342071533},"rotation":{"x":0.09842551499605179,"y":-0.8880200386047363,"z":0.22486737370491029,"w":0.3889647126197815},"size":2.680699586868286,"orthographic":false}